Email,Encrypted_Password
user1@example.com,3a6f2d8e1b7c5f9e2d4a1b6c8f3e6d1a7c5f9e2d4a1b6c8f3e6d1a7c5f9e2
user2@example.com,9b4c6e2a7f3d5b1e8c2a4b6e1d7f9c3b6e2a8c4f3e1d7f9c2b5e4a1c6
user3@example.com,1c7e5b9d3a6f2c8e4b1d7a5c9f3e6b2d4a8c6f1e5b7a3d9c2e6f8a4c
user4@example.com,5d9b2f8c4a1e6d7b3f9c2a5e1d6b8f3c7a4e9d2b6f1c4a8e3d5b7f9c
user5@example.com,8e2c4a6f9d1b3e7c5a8f2d4b6e9c1a3f7e5d8b2c4a1e6f9d3b7c5a8
user6@example.com,4f8d2b6e1c3a7f5d9b4e2c6a1f7d3b8e5c9a2f6d1b4e7c5a9f3d2c8
user7@example.com,6a2c8e4b1d7f9c3a6e2b4d1f7a5c9e3b6f2a8c4d9f3a1c5e7b2c8
user8@example.com,2b6d4f8a1c3e5b7d9f2a4c6e8b1d3f5a7c9e2b4d6f8a3c5e1b9
user9@example.com,7c3e1a5b9d2f6c8e3a7b1d5f9c2e6a4c8d1f3b5e9a2c6f4d7
user10@example.com,9d5b3f1c7a2e8d4b6f9c1a3e5d7b2f4a6c8e1d3b5f7